"check_id","table","check","status","affected_rows","denominator","affected_pct","severity","blocks_analysis","recommended_treatment","notes"
"Q0001","customers","source_file_present","FAIL",1,1,100,"BLOCKING",TRUE,"Obtain unchanged CSV from the original Olist dataset","olist_customers_dataset.csv"
"Q0002","geolocation","source_file_present","FAIL",1,1,100,"BLOCKING",TRUE,"Obtain unchanged CSV from the original Olist dataset","olist_geolocation_dataset.csv"
"Q0003","items","source_file_present","FAIL",1,1,100,"BLOCKING",TRUE,"Obtain unchanged CSV from the original Olist dataset","olist_order_items_dataset.csv"
"Q0004","payments","source_file_present","FAIL",1,1,100,"BLOCKING",TRUE,"Obtain unchanged CSV from the original Olist dataset","olist_order_payments_dataset.csv"
"Q0005","reviews","source_file_present","FAIL",1,1,100,"BLOCKING",TRUE,"Obtain unchanged CSV from the original Olist dataset","olist_order_reviews_dataset.csv"
"Q0006","orders","source_file_present","FAIL",1,1,100,"BLOCKING",TRUE,"Obtain unchanged CSV from the original Olist dataset","olist_orders_dataset.csv"
"Q0007","products","source_file_present","FAIL",1,1,100,"BLOCKING",TRUE,"Obtain unchanged CSV from the original Olist dataset","olist_products_dataset.csv"
"Q0008","sellers","source_file_present","FAIL",1,1,100,"BLOCKING",TRUE,"Obtain unchanged CSV from the original Olist dataset","olist_sellers_dataset.csv"
"Q0009","translation","source_file_present","FAIL",1,1,100,"BLOCKING",TRUE,"Obtain unchanged CSV from the original Olist dataset","product_category_name_translation.csv"
