"source_file","exists","file_size_bytes","rows","columns","hash","column_names","inferred_types","min_date","max_date","notes"
"olist_customers_dataset.csv",FALSE,,,,,,,,,"Not read"
"olist_geolocation_dataset.csv",FALSE,,,,,,,,,"Not read"
"olist_order_items_dataset.csv",FALSE,,,,,,,,,"Not read"
"olist_order_payments_dataset.csv",FALSE,,,,,,,,,"Not read"
"olist_order_reviews_dataset.csv",FALSE,,,,,,,,,"Not read"
"olist_orders_dataset.csv",FALSE,,,,,,,,,"Not read"
"olist_products_dataset.csv",FALSE,,,,,,,,,"Not read"
"olist_sellers_dataset.csv",FALSE,,,,,,,,,"Not read"
"product_category_name_translation.csv",FALSE,,,,,,,,,"Not read"
